id,name,gen,age,weight,height,hc,ec,crime,crime spot,court,lawyer,conviction,starting date,ending date,emergency contact,relation,contact,markofid,bloodgrp,med,disb,alrgs,covid
00A,Zeera,male,18.0,70.5,150.0,Brown,Dark Brown,Serial murders,NUST Mosque,Supreme Court,Shabbir Hussain,25 years to life imprisonment,23/12/22,till death,Hira Sajid ,Friend,3121234567,Surgery mark on left forearm,AB+,nil,nil,dust allergy,yes
00B,darya khan,male,19.0,55.0,150.0,black,brown,murder,nust,nust court,aadel,25 year,25/12/22,25/12/47,sadia,friend,03121234567,,,,,,
00C,kheera khan,afaefa,12.0,12.0,12.0,1se,ce,sc,s,csecs,sevsvs,sev,sevsevs,svsve,ssvesvs,vs,1234,,,,,,
00D,Zeera,male,18.0,70.5,150.0,Brown,Dark Brown,Serial murders,NUST Mosque,Supreme Court,Shabbir Hussain,25 years to life imprisonment,23/12/22,till death,Hira Sajid ,Friend,3121234567.0,,,,,,
00E,walter white,male,52.0,70.2,150.0,no hair,brown,Drug Empire,"Alberqueque, New Mexico",Nust Court,Saul GoodMan,Sentence to life in prison,23/12/22,till death,Jesse Pinkman,Partner in business,143 to the 3 to the 6 to the 9. What up Biatch!,0,0,0,0,0,0
00F,0,0,0.0,0.0,0.0,0,0,0,0,0,0,0,0,0,0,0,0,,,,,,
